{
  "project_info": {
    "project_number": "640013086506",
    "firebase_url": "https://ainabkoidairy.firebaseio.com",
    "project_id": "ainabkoidairy",
    "storage_bucket": "ainabkoidairy.appspot.com"
  },
  "client": [
    {
      "client_info": {
        "mobilesdk_app_id": "1:640013086506:android:3be66fd92c3364d4d23853",
        "android_client_info": {
          "package_name": "com.example.ainabkoidairy"
        }
      },
      "oauth_client": [
        {
          "client_id": "640013086506-5hqg61lfac93ebalgp2596ilsgk9pka7.apps.googleusercontent.com",
          "client_type": 1,
          "android_info": {
            "package_name": "com.example.ainabkoidairy",
            "certificate_hash": "063c2cc8e465d59614482b4d4344dbf41095084a"
          }
        },
        {
          "client_id": "640013086506-2j1hmqjgno629na1bf068fv7e1ti05k6.apps.googleusercontent.com",
          "client_type": 3
        }
      ],
      "api_key": [
        {
          "current_key": "AIzaSyALAku24RxfEGwg7tZwzH5OL6oaTBwoflM"
        }
      ],
      "services": {
        "appinvite_service": {
          "other_platform_oauth_client": [
            {
              "client_id": "640013086506-2j1hmqjgno629na1bf068fv7e1ti05k6.apps.googleusercontent.com",
              "client_type": 3
            }
          ]
        }
      }
    }
  ],
  "configuration_version": "1"
}